name,roll_no,email,branch,cgpa,tenth_percentage,twelfth_percentage,aptitude_score,coding_score,communication_score,internship,projects,backlogs,placed
Student_001,ROLL0001,student001@college.edu,CE,7.52,69.64,59.71,54,66,92,1,4,3,0
Student_002,ROLL0002,student002@college.edu,EEE,7.07,77.33,94.25,32,84,33,2,4,1,1
Student_003,ROLL0003,student003@college.edu,ME,7.3,87.88,86.65,46,48,67,0,0,1,1
Student_004,ROLL0004,student004@college.edu,EEE,7.8,62.68,78.99,41,69,56,0,3,0,1
Student_005,ROLL0005,student005@college.edu,EEE,6.38,76.6,69.28,83,32,38,0,3,2,0
Student_006,ROLL0006,student006@college.edu,ECE,9.29,66.6,60.49,53,20,45,1,1,1,1
Student_007,ROLL0007,student007@college.edu,ME,6.19,89.34,67.53,58,53,85,0,1,2,0
Student_008,ROLL0008,student008@college.edu,ME,5.99,56.72,85.06,72,67,60,2,5,1,1
Student_009,ROLL0009,student009@college.edu,ME,8.36,68.29,94.62,54,96,43,1,5,4,1
Student_010,ROLL0010,student010@college.edu,EEE,7.99,79.53,90.52,89,67,54,1,1,4,1
Student_011,ROLL0011,student011@college.edu,CE,7.82,93.79,66.13,94,68,63,0,5,0,1
Student_012,ROLL0012,student012@college.edu,ME,7.83,74.21,58.56,57,83,96,2,2,0,1
Student_013,ROLL0013,student013@college.edu,IT,7.19,68.34,73.69,45,80,53,1,1,2,1
Student_014,ROLL0014,student014@college.edu,EEE,6.3,97.57,50.78,76,48,55,1,3,1,1
Student_015,ROLL0015,student015@college.edu,ECE,7.28,57.62,75.88,87,58,49,0,2,3,0
Student_016,ROLL0016,student016@college.edu,CE,6.52,48.61,70.23,56,45,93,0,5,0,1
Student_017,ROLL0017,student017@college.edu,IT,8.18,80.28,66.41,82,36,39,2,4,3,1
Student_018,ROLL0018,student018@college.edu,IT,7.05,68.98,52.86,71,90,96,0,0,3,1
Student_019,ROLL0019,student019@college.edu,ECE,6.37,62.75,78.16,88,32,53,2,1,1,1
Student_020,ROLL0020,student020@college.edu,CE,6.88,83.5,65.61,76,88,34,1,4,2,1
Student_021,ROLL0021,student021@college.edu,EEE,7.61,77.93,57.96,63,45,96,2,5,1,1
Student_022,ROLL0022,student022@college.edu,CSE,6.64,68.23,40.0,66,68,87,2,3,0,1
Student_023,ROLL0023,student023@college.edu,CE,6.38,59.64,71.67,35,86,56,2,0,3,1
Student_024,ROLL0024,student024@college.edu,ECE,7.44,85.47,93.27,36,26,44,1,4,1,1
Student_025,ROLL0025,student025@college.edu,IT,7.44,82.8,91.94,54,77,64,0,0,1,1
Student_026,ROLL0026,student026@college.edu,EEE,6.69,73.81,66.51,62,68,82,1,1,1,1
Student_027,ROLL0027,student027@college.edu,CE,6.73,97.16,64.77,84,72,73,0,5,0,1
Student_028,ROLL0028,student028@college.edu,CSE,7.43,62.16,77.63,87,84,55,2,3,2,1
Student_029,ROLL0029,student029@college.edu,CSE,5.75,56.69,60.02,36,81,76,2,5,1,1
Student_030,ROLL0030,student030@college.edu,ME,5.79,66.7,75.62,86,36,63,2,0,0,1
Student_031,ROLL0031,student031@college.edu,ME,6.48,74.45,81.19,41,62,79,2,4,3,0
Student_032,ROLL0032,student032@college.edu,ECE,6.99,77.92,86.72,45,44,41,2,1,4,1
Student_033,ROLL0033,student033@college.edu,CE,7.51,72.11,70.8,72,22,33,0,1,0,0
Student_034,ROLL0034,student034@college.edu,CE,8.68,79.22,69.56,36,98,77,0,5,4,1
Student_035,ROLL0035,student035@college.edu,IT,8.06,59.98,61.46,80,48,84,2,4,1,1
Student_036,ROLL0036,student036@college.edu,IT,7.04,92.33,62.08,61,51,30,1,4,1,1
Student_037,ROLL0037,student037@college.edu,IT,7.18,74.01,69.28,37,45,95,1,0,0,0
Student_038,ROLL0038,student038@college.edu,ME,6.2,88.41,76.41,74,35,59,2,5,4,1
Student_039,ROLL0039,student039@college.edu,CE,7.18,79.11,82.96,88,44,32,0,5,1,1
Student_040,ROLL0040,student040@college.edu,CE,6.91,80.48,62.36,33,73,50,1,2,3,0
Student_041,ROLL0041,student041@college.edu,CSE,7.52,81.84,89.91,96,47,78,1,5,2,1
Student_042,ROLL0042,student042@college.edu,ME,6.37,80.37,68.75,58,92,91,1,1,2,1
Student_043,ROLL0043,student043@college.edu,EEE,7.72,82.71,71.74,58,75,67,2,0,1,1
Student_044,ROLL0044,student044@college.edu,ME,8.73,90.95,63.03,57,84,44,1,4,4,1
Student_045,ROLL0045,student045@college.edu,EEE,7.09,77.36,42.91,73,99,81,1,5,1,1
Student_046,ROLL0046,student046@college.edu,CSE,7.6,83.51,82.61,33,60,75,1,0,4,1
Student_047,ROLL0047,student047@college.edu,ECE,7.89,73.92,80.84,38,70,54,1,5,3,1
Student_048,ROLL0048,student048@college.edu,CE,6.8,92.28,68.62,34,90,50,0,4,4,0
Student_049,ROLL0049,student049@college.edu,CSE,7.42,66.88,72.8,85,97,34,2,3,1,1
Student_050,ROLL0050,student050@college.edu,CE,7.21,96.61,78.19,79,48,99,2,4,3,1
Student_051,ROLL0051,student051@college.edu,IT,7.3,74.52,53.25,44,38,76,0,4,0,1
Student_052,ROLL0052,student052@college.edu,ECE,6.43,57.83,65.65,61,85,97,0,4,2,1
Student_053,ROLL0053,student053@college.edu,ECE,7.22,76.54,81.53,57,60,47,2,5,1,1
Student_054,ROLL0054,student054@college.edu,CSE,7.7,66.83,56.95,51,64,50,1,2,1,1
Student_055,ROLL0055,student055@college.edu,ECE,8.65,85.09,75.52,46,34,52,1,4,1,1
Student_056,ROLL0056,student056@college.edu,EEE,8.16,67.17,55.72,88,22,93,2,1,3,1
Student_057,ROLL0057,student057@college.edu,ECE,9.35,69.65,77.6,86,30,96,1,1,0,1
Student_058,ROLL0058,student058@college.edu,CE,6.43,52.33,71.57,55,72,69,0,0,4,0
Student_059,ROLL0059,student059@college.edu,CE,8.07,69.57,52.62,54,65,39,1,2,0,1
Student_060,ROLL0060,student060@college.edu,CE,7.38,45.91,85.98,39,49,81,1,0,3,0
Student_061,ROLL0061,student061@college.edu,CE,9.39,55.99,63.18,74,76,90,1,1,1,1
Student_062,ROLL0062,student062@college.edu,EEE,6.39,84.12,62.28,40,37,93,2,1,2,0
Student_063,ROLL0063,student063@college.edu,ME,6.36,84.43,74.41,82,70,34,0,3,1,1
Student_064,ROLL0064,student064@college.edu,IT,6.6,80.11,85.78,97,67,82,1,4,4,1
Student_065,ROLL0065,student065@college.edu,CSE,5.08,63.4,59.81,57,85,84,2,1,2,0
Student_066,ROLL0066,student066@college.edu,CE,6.67,74.43,72.74,94,27,66,1,5,1,1
Student_067,ROLL0067,student067@college.edu,ECE,6.44,74.96,77.15,78,41,85,0,5,2,1
Student_068,ROLL0068,student068@college.edu,CE,7.35,61.1,80.32,76,25,88,1,0,0,0
Student_069,ROLL0069,student069@college.edu,ECE,7.54,93.04,74.12,81,95,98,0,0,3,1
Student_070,ROLL0070,student070@college.edu,IT,9.08,85.53,67.6,83,76,88,1,4,1,1
Student_071,ROLL0071,student071@college.edu,IT,8.15,72.35,62.07,89,55,31,0,4,4,0
Student_072,ROLL0072,student072@college.edu,IT,6.62,75.32,73.03,86,98,94,1,3,0,1
Student_073,ROLL0073,student073@college.edu,ECE,6.3,77.5,59.13,76,76,89,0,2,1,1
Student_074,ROLL0074,student074@college.edu,CE,7.69,50.5,40.0,60,68,80,1,0,0,1
Student_075,ROLL0075,student075@college.edu,IT,5.88,72.03,77.24,75,64,59,1,4,4,0
Student_076,ROLL0076,student076@college.edu,EEE,9.03,66.82,82.85,55,85,40,2,0,1,1
Student_077,ROLL0077,student077@college.edu,ECE,8.38,62.98,43.64,34,96,68,2,4,4,1
Student_078,ROLL0078,student078@college.edu,ECE,6.73,71.63,59.88,81,64,92,0,1,2,1
Student_079,ROLL0079,student079@college.edu,CE,5.49,96.57,79.43,83,98,93,1,0,4,0
Student_080,ROLL0080,student080@college.edu,ECE,8.55,82.69,96.69,62,39,90,0,1,2,1
Student_081,ROLL0081,student081@college.edu,ECE,7.09,68.15,72.25,79,83,83,2,0,1,1
Student_082,ROLL0082,student082@college.edu,IT,8.44,81.87,63.26,67,86,87,0,2,2,1
Student_083,ROLL0083,student083@college.edu,CE,5.61,91.79,69.81,56,22,85,0,3,1,0
Student_084,ROLL0084,student084@college.edu,IT,6.6,86.1,88.5,44,73,63,2,5,1,1
Student_085,ROLL0085,student085@college.edu,IT,7.21,75.72,64.25,90,97,60,1,5,3,1
Student_086,ROLL0086,student086@college.edu,CE,7.25,67.24,62.41,50,83,81,0,5,1,1
Student_087,ROLL0087,student087@college.edu,CSE,6.75,83.38,66.21,75,59,30,2,1,2,0
Student_088,ROLL0088,student088@college.edu,IT,7.82,79.72,60.56,98,78,84,1,4,3,1
Student_089,ROLL0089,student089@college.edu,EEE,6.13,85.74,73.47,35,74,51,2,5,3,0
Student_090,ROLL0090,student090@college.edu,EEE,7.06,82.62,91.5,67,81,69,0,2,1,1
Student_091,ROLL0091,student091@college.edu,ECE,7.32,87.59,75.88,91,23,30,1,5,4,1
Student_092,ROLL0092,student092@college.edu,EEE,7.71,68.58,68.97,91,79,94,1,0,4,1
Student_093,ROLL0093,student093@college.edu,ECE,7.91,90.81,68.5,75,94,92,2,1,3,1
Student_094,ROLL0094,student094@college.edu,CSE,6.08,77.37,53.24,42,49,83,2,0,1,1
Student_095,ROLL0095,student095@college.edu,CE,5.67,99.0,82.6,32,21,71,2,0,4,0
Student_096,ROLL0096,student096@college.edu,CE,8.48,66.73,71.07,35,81,50,1,0,1,1
Student_097,ROLL0097,student097@college.edu,CE,7.53,95.83,69.83,37,68,51,1,3,1,1
Student_098,ROLL0098,student098@college.edu,EEE,6.45,77.37,99.0,73,28,67,0,3,3,1
Student_099,ROLL0099,student099@college.edu,CSE,8.75,67.18,75.59,62,50,37,1,4,3,1
Student_100,ROLL0100,student100@college.edu,EEE,7.32,69.19,62.98,79,80,91,0,1,0,1
Student_101,ROLL0101,student101@college.edu,EEE,8.38,71.16,66.88,40,98,76,2,2,4,1
Student_102,ROLL0102,student102@college.edu,CSE,7.27,80.09,85.78,57,67,46,2,2,4,0
Student_103,ROLL0103,student103@college.edu,CSE,9.26,81.27,73.36,99,44,46,1,2,4,1
Student_104,ROLL0104,student104@college.edu,CSE,8.96,68.12,54.74,70,55,42,2,0,2,1
Student_105,ROLL0105,student105@college.edu,CSE,6.95,74.71,83.03,45,27,46,2,3,1,1
Student_106,ROLL0106,student106@college.edu,CE,8.17,99.0,63.98,97,92,67,1,1,3,1
Student_107,ROLL0107,student107@college.edu,ME,7.85,95.73,94.48,77,77,74,0,0,4,1
Student_108,ROLL0108,student108@college.edu,ME,8.57,80.24,84.96,85,64,35,1,3,0,1
Student_109,ROLL0109,student109@college.edu,CSE,6.24,75.46,66.63,93,81,64,0,3,4,0
Student_110,ROLL0110,student110@college.edu,ME,7.89,76.44,87.37,88,58,43,1,5,1,1
Student_111,ROLL0111,student111@college.edu,ME,8.26,82.36,72.81,91,77,90,1,5,1,1
Student_112,ROLL0112,student112@college.edu,CSE,5.44,62.73,82.23,40,83,44,2,1,3,0
Student_113,ROLL0113,student113@college.edu,ME,6.02,71.91,77.82,47,63,83,1,1,2,0
Student_114,ROLL0114,student114@college.edu,EEE,5.16,54.98,61.84,48,48,56,1,1,3,0
Student_115,ROLL0115,student115@college.edu,ECE,6.93,79.79,64.28,84,78,42,0,0,4,0
Student_116,ROLL0116,student116@college.edu,ECE,7.92,82.77,84.36,55,90,60,2,4,0,1
Student_117,ROLL0117,student117@college.edu,CSE,8.7,69.2,67.98,35,28,64,0,1,3,0
Student_118,ROLL0118,student118@college.edu,CE,7.27,93.89,67.16,33,25,89,0,5,2,1
Student_119,ROLL0119,student119@college.edu,CSE,8.83,60.29,60.54,58,48,35,2,4,3,1
Student_120,ROLL0120,student120@college.edu,CE,5.82,57.43,77.08,88,77,98,2,0,1,1
Student_121,ROLL0121,student121@college.edu,ECE,5.5,77.69,96.75,46,36,87,2,4,4,1
Student_122,ROLL0122,student122@college.edu,CSE,7.14,87.57,59.19,72,35,78,1,2,4,1
Student_123,ROLL0123,student123@college.edu,IT,7.58,95.21,72.29,95,22,52,2,4,4,1
Student_124,ROLL0124,student124@college.edu,EEE,7.17,69.49,88.95,63,40,63,2,1,4,0
Student_125,ROLL0125,student125@college.edu,ME,5.13,87.94,71.04,37,83,55,2,0,4,0
Student_126,ROLL0126,student126@college.edu,CE,7.11,74.54,77.43,42,55,76,0,1,4,0
Student_127,ROLL0127,student127@college.edu,IT,5.9,72.93,59.25,37,81,34,0,5,0,0
Student_128,ROLL0128,student128@college.edu,ME,7.87,85.6,77.14,94,61,49,1,2,2,1
Student_129,ROLL0129,student129@college.edu,ME,7.57,82.83,69.75,72,95,35,0,5,4,1
Student_130,ROLL0130,student130@college.edu,CSE,6.26,56.08,83.83,68,61,99,1,1,2,0
Student_131,ROLL0131,student131@college.edu,ME,6.69,92.72,86.25,88,80,88,0,1,4,1
Student_132,ROLL0132,student132@college.edu,EEE,6.14,91.56,99.0,73,32,93,2,1,3,1
Student_133,ROLL0133,student133@college.edu,IT,7.14,67.49,78.96,38,30,47,0,3,4,0
Student_134,ROLL0134,student134@college.edu,ME,8.16,79.75,75.91,66,73,33,1,2,1,1
Student_135,ROLL0135,student135@college.edu,CSE,6.21,80.93,74.33,65,35,46,0,1,0,1
Student_136,ROLL0136,student136@college.edu,EEE,7.7,78.13,67.76,57,27,43,2,1,3,0
Student_137,ROLL0137,student137@college.edu,ECE,6.67,68.4,76.06,71,78,42,1,5,3,1
Student_138,ROLL0138,student138@college.edu,IT,6.41,66.94,68.46,72,76,36,2,5,1,1
Student_139,ROLL0139,student139@college.edu,ME,7.09,74.69,74.02,71,59,73,2,1,4,1
Student_140,ROLL0140,student140@college.edu,CSE,6.16,89.07,87.81,95,78,44,1,0,0,1
Student_141,ROLL0141,student141@college.edu,ECE,6.65,81.52,59.92,84,21,48,2,3,3,0
Student_142,ROLL0142,student142@college.edu,ECE,6.0,70.55,85.68,77,95,92,2,5,0,1
Student_143,ROLL0143,student143@college.edu,CE,9.16,84.26,87.81,51,29,64,0,0,3,0
Student_144,ROLL0144,student144@college.edu,EEE,7.24,40.82,70.58,56,63,64,2,3,4,0
Student_145,ROLL0145,student145@college.edu,ME,6.5,88.79,46.54,96,30,48,2,1,3,1
Student_146,ROLL0146,student146@college.edu,CSE,7.41,54.12,64.71,42,98,49,2,2,3,1
Student_147,ROLL0147,student147@college.edu,CE,7.09,70.65,87.56,74,99,64,2,4,2,1
Student_148,ROLL0148,student148@college.edu,EEE,6.98,61.56,71.73,39,21,61,1,4,4,0
Student_149,ROLL0149,student149@college.edu,CE,7.81,59.46,60.01,38,69,77,0,1,1,1
Student_150,ROLL0150,student150@college.edu,IT,7.96,88.93,65.94,83,31,73,2,5,1,1
Student_151,ROLL0151,student151@college.edu,EEE,6.67,69.39,82.09,56,42,53,2,0,4,1
Student_152,ROLL0152,student152@college.edu,EEE,6.62,79.16,78.56,63,37,90,1,2,1,1
Student_153,ROLL0153,student153@college.edu,ME,6.92,74.44,69.13,30,81,46,2,3,4,1
Student_154,ROLL0154,student154@college.edu,EEE,4.9,80.72,67.6,61,81,79,1,1,1,1
Student_155,ROLL0155,student155@college.edu,CE,5.68,75.92,67.3,96,57,94,0,2,2,1
Student_156,ROLL0156,student156@college.edu,EEE,8.57,59.6,60.93,49,86,61,0,2,1,1
Student_157,ROLL0157,student157@college.edu,ME,8.84,86.96,91.38,64,57,65,2,5,3,1
Student_158,ROLL0158,student158@college.edu,ME,6.95,69.07,68.13,46,86,42,2,3,4,0
Student_159,ROLL0159,student159@college.edu,IT,7.78,56.32,86.61,47,80,99,2,2,0,1
Student_160,ROLL0160,student160@college.edu,CE,7.51,69.86,90.26,74,20,87,1,5,0,1
Student_161,ROLL0161,student161@college.edu,ECE,10.0,93.01,83.98,82,64,43,2,0,4,1
Student_162,ROLL0162,student162@college.edu,ECE,8.32,85.2,66.82,97,47,66,2,5,2,1
Student_163,ROLL0163,student163@college.edu,EEE,7.07,70.82,76.84,94,40,97,0,0,1,1
Student_164,ROLL0164,student164@college.edu,IT,6.24,70.81,71.71,30,32,69,2,0,2,0
Student_165,ROLL0165,student165@college.edu,CSE,5.59,71.14,61.16,87,46,88,0,2,0,1
Student_166,ROLL0166,student166@college.edu,EEE,7.4,99.0,75.89,55,26,45,2,5,4,1
Student_167,ROLL0167,student167@college.edu,IT,6.44,79.58,57.85,49,41,91,0,0,4,0
Student_168,ROLL0168,student168@college.edu,CE,5.78,80.16,86.25,39,93,33,2,3,2,0
Student_169,ROLL0169,student169@college.edu,CE,6.55,87.36,66.42,88,72,74,0,2,2,0
Student_170,ROLL0170,student170@college.edu,CE,6.12,77.87,74.41,70,98,57,1,5,1,1
Student_171,ROLL0171,student171@college.edu,CE,8.89,71.89,75.4,34,98,95,0,5,3,1
Student_172,ROLL0172,student172@college.edu,CE,8.08,72.64,68.89,94,23,60,0,4,3,0
Student_173,ROLL0173,student173@college.edu,IT,7.19,74.14,79.04,46,42,32,0,5,1,1
Student_174,ROLL0174,student174@college.edu,IT,8.68,74.55,66.3,51,89,37,2,2,3,1
Student_175,ROLL0175,student175@college.edu,ME,7.28,83.73,82.46,70,95,53,2,3,0,1
Student_176,ROLL0176,student176@college.edu,ECE,6.34,75.62,55.85,97,52,44,2,5,3,1
Student_177,ROLL0177,student177@college.edu,CE,8.72,83.79,73.52,98,47,72,1,4,1,1
Student_178,ROLL0178,student178@college.edu,CSE,7.74,74.03,95.27,40,27,60,1,2,3,0
Student_179,ROLL0179,student179@college.edu,IT,6.16,75.94,60.0,85,20,74,0,0,4,0
Student_180,ROLL0180,student180@college.edu,CSE,7.01,51.02,63.87,80,56,95,1,1,2,1
Student_181,ROLL0181,student181@college.edu,CSE,6.32,86.0,78.17,50,82,37,0,1,0,0
Student_182,ROLL0182,student182@college.edu,CSE,5.82,79.16,74.15,55,41,86,0,0,4,0
Student_183,ROLL0183,student183@college.edu,ME,8.13,86.98,76.21,48,89,59,0,5,4,1
Student_184,ROLL0184,student184@college.edu,IT,9.11,40.24,77.87,89,40,47,1,1,1,1
Student_185,ROLL0185,student185@college.edu,CSE,5.8,99.0,79.62,76,54,98,2,1,2,1
Student_186,ROLL0186,student186@college.edu,CE,7.76,73.32,85.32,55,98,68,1,0,2,1
Student_187,ROLL0187,student187@college.edu,EEE,6.55,88.3,76.92,69,24,89,0,5,0,1
Student_188,ROLL0188,student188@college.edu,CSE,6.71,62.52,69.1,34,79,72,0,5,1,0
Student_189,ROLL0189,student189@college.edu,ME,6.61,82.35,80.07,50,65,74,1,0,0,1
Student_190,ROLL0190,student190@college.edu,IT,6.34,62.36,94.8,33,69,52,0,5,3,0
Student_191,ROLL0191,student191@college.edu,ME,7.25,67.51,70.41,52,67,98,0,5,4,0
Student_192,ROLL0192,student192@college.edu,CSE,6.37,97.97,60.31,44,25,35,1,2,0,1
Student_193,ROLL0193,student193@college.edu,IT,7.47,72.71,85.28,37,75,85,1,2,4,0
Student_194,ROLL0194,student194@college.edu,EEE,7.15,77.61,70.56,70,78,33,1,0,1,1
Student_195,ROLL0195,student195@college.edu,CSE,6.96,85.44,45.93,48,48,52,0,3,3,0
Student_196,ROLL0196,student196@college.edu,ME,6.29,80.95,82.17,75,90,35,0,1,1,1
Student_197,ROLL0197,student197@college.edu,ECE,6.62,76.81,65.58,57,96,61,2,2,3,1
Student_198,ROLL0198,student198@college.edu,CE,7.96,79.38,70.91,97,37,47,2,1,3,1
Student_199,ROLL0199,student199@college.edu,ME,7.7,99.0,75.98,44,21,44,1,4,4,0
Student_200,ROLL0200,student200@college.edu,IT,6.22,74.31,74.29,66,27,69,2,0,1,1
Student_201,ROLL0201,student201@college.edu,CSE,7.3,77.41,80.51,30,94,35,0,3,1,1
Student_202,ROLL0202,student202@college.edu,CE,7.95,87.61,66.77,96,73,92,2,4,0,1
Student_203,ROLL0203,student203@college.edu,CSE,5.53,88.27,78.16,53,57,96,0,4,1,1
Student_204,ROLL0204,student204@college.edu,IT,7.74,89.24,68.89,56,67,40,1,5,0,1
Student_205,ROLL0205,student205@college.edu,CSE,6.54,82.66,80.87,69,46,72,1,4,2,1
Student_206,ROLL0206,student206@college.edu,ECE,7.77,61.28,79.38,92,39,46,0,0,2,1
Student_207,ROLL0207,student207@college.edu,CE,6.44,94.6,60.77,90,31,33,2,2,2,0
Student_208,ROLL0208,student208@college.edu,CE,5.4,61.24,85.03,65,62,92,1,0,1,0
Student_209,ROLL0209,student209@college.edu,IT,5.57,78.63,65.57,53,80,97,1,2,1,1
Student_210,ROLL0210,student210@college.edu,ECE,7.25,65.95,81.7,53,50,70,2,4,0,1
Student_211,ROLL0211,student211@college.edu,ME,7.46,74.23,76.41,33,80,34,2,4,3,0
Student_212,ROLL0212,student212@college.edu,CSE,6.3,78.95,94.06,96,93,61,0,3,0,1
Student_213,ROLL0213,student213@college.edu,EEE,7.84,78.86,69.32,63,86,99,2,2,2,1
Student_214,ROLL0214,student214@college.edu,CSE,5.54,80.06,67.81,86,54,64,2,4,0,1
Student_215,ROLL0215,student215@college.edu,CSE,7.13,94.36,71.77,78,34,51,2,5,3,1
Student_216,ROLL0216,student216@college.edu,ME,5.99,80.44,68.36,82,35,94,0,1,1,0
Student_217,ROLL0217,student217@college.edu,CSE,6.55,72.07,81.6,52,32,51,0,3,0,1
Student_218,ROLL0218,student218@college.edu,ECE,7.25,86.57,52.6,98,54,40,1,0,2,1
Student_219,ROLL0219,student219@college.edu,ECE,6.34,89.27,59.36,82,94,32,0,3,2,1
Student_220,ROLL0220,student220@college.edu,CE,6.82,60.27,59.19,91,78,38,1,1,1,1
Student_221,ROLL0221,student221@college.edu,IT,8.21,82.17,83.4,70,40,89,2,2,0,1
Student_222,ROLL0222,student222@college.edu,EEE,6.62,83.41,92.53,86,73,43,1,0,3,1
Student_223,ROLL0223,student223@college.edu,CSE,8.04,71.43,70.75,89,94,47,1,0,1,1
Student_224,ROLL0224,student224@college.edu,CSE,6.07,91.51,69.97,83,49,52,2,2,0,1
Student_225,ROLL0225,student225@college.edu,ME,7.73,73.2,72.84,99,67,76,1,3,4,1
Student_226,ROLL0226,student226@college.edu,IT,8.64,76.51,85.94,86,54,98,0,4,2,1
Student_227,ROLL0227,student227@college.edu,ECE,4.73,72.92,60.87,39,57,76,0,3,3,0
Student_228,ROLL0228,student228@college.edu,EEE,6.4,75.19,74.86,69,50,59,0,1,3,0
Student_229,ROLL0229,student229@college.edu,CE,7.78,61.84,83.7,36,97,54,0,5,3,1
Student_230,ROLL0230,student230@college.edu,ECE,7.0,57.72,78.01,67,43,57,1,4,2,1
Student_231,ROLL0231,student231@college.edu,IT,7.57,94.13,74.27,90,68,54,1,3,0,1
Student_232,ROLL0232,student232@college.edu,CE,6.6,64.84,84.01,32,51,87,2,5,1,1
Student_233,ROLL0233,student233@college.edu,ME,7.29,63.1,40.0,80,74,70,1,5,0,1
Student_234,ROLL0234,student234@college.edu,ME,7.04,49.16,80.13,76,98,54,1,2,1,1
Student_235,ROLL0235,student235@college.edu,CSE,8.37,67.33,64.15,97,77,77,1,1,3,1
Student_236,ROLL0236,student236@college.edu,IT,7.45,59.12,50.03,67,22,39,2,1,0,0
Student_237,ROLL0237,student237@college.edu,EEE,7.54,94.7,78.13,65,99,40,0,1,3,1
Student_238,ROLL0238,student238@college.edu,CE,6.79,87.12,88.48,70,88,50,1,4,4,1
Student_239,ROLL0239,student239@college.edu,ECE,6.71,66.74,70.35,98,29,74,2,0,3,0
Student_240,ROLL0240,student240@college.edu,IT,6.77,99.0,83.43,42,44,36,2,4,3,0
Student_241,ROLL0241,student241@college.edu,IT,7.59,86.78,91.35,87,87,93,2,3,1,1
Student_242,ROLL0242,student242@college.edu,ME,6.78,71.1,87.78,79,80,93,0,5,4,1
Student_243,ROLL0243,student243@college.edu,CSE,7.49,45.01,91.68,59,48,31,1,5,3,0
Student_244,ROLL0244,student244@college.edu,CSE,9.28,99.0,80.91,91,38,71,2,0,3,1
Student_245,ROLL0245,student245@college.edu,CE,8.07,58.33,72.91,54,62,83,0,3,4,0
Student_246,ROLL0246,student246@college.edu,ME,6.87,55.26,52.78,56,85,45,2,0,4,0
Student_247,ROLL0247,student247@college.edu,IT,8.4,87.27,69.05,80,93,47,2,5,0,1
Student_248,ROLL0248,student248@college.edu,EEE,6.79,99.0,61.88,86,80,88,2,4,1,1
Student_249,ROLL0249,student249@college.edu,ME,5.16,91.61,98.05,76,62,45,2,1,4,0
Student_250,ROLL0250,student250@college.edu,CE,6.19,81.77,69.89,68,44,35,2,5,4,1
Student_251,ROLL0251,student251@college.edu,CE,5.33,82.14,73.48,45,39,86,0,2,2,0
Student_252,ROLL0252,student252@college.edu,ME,6.85,85.24,78.62,51,67,76,1,1,4,0
Student_253,ROLL0253,student253@college.edu,CE,7.22,84.11,72.52,83,43,77,1,5,1,1
Student_254,ROLL0254,student254@college.edu,ME,8.88,78.37,92.34,50,30,71,1,4,3,1
Student_255,ROLL0255,student255@college.edu,ECE,7.53,76.25,64.53,45,74,89,1,0,3,1
Student_256,ROLL0256,student256@college.edu,ME,6.98,74.25,74.34,88,47,33,0,1,3,0
Student_257,ROLL0257,student257@college.edu,ME,8.03,65.95,63.09,60,88,31,0,4,3,1
Student_258,ROLL0258,student258@college.edu,CE,4.99,71.63,56.16,71,82,88,0,3,2,0
Student_259,ROLL0259,student259@college.edu,CE,7.44,54.68,64.66,61,78,56,2,2,4,0
Student_260,ROLL0260,student260@college.edu,CSE,7.97,73.82,71.56,88,24,56,2,1,3,1
Student_261,ROLL0261,student261@college.edu,CSE,5.72,63.14,66.85,63,70,36,2,0,0,1
Student_262,ROLL0262,student262@college.edu,ECE,8.34,61.76,63.69,38,40,92,1,3,3,0
Student_263,ROLL0263,student263@college.edu,CSE,7.54,77.16,55.12,40,31,75,2,4,4,0
Student_264,ROLL0264,student264@college.edu,ME,6.78,91.7,71.0,39,69,92,1,2,3,1
Student_265,ROLL0265,student265@college.edu,CE,7.83,86.02,53.94,46,23,41,2,0,2,0
Student_266,ROLL0266,student266@college.edu,CSE,9.47,56.15,81.12,97,61,42,1,4,1,1
Student_267,ROLL0267,student267@college.edu,CSE,7.38,63.12,72.99,77,57,72,2,4,1,1
Student_268,ROLL0268,student268@college.edu,ECE,7.45,86.29,54.51,81,44,46,2,1,4,1
Student_269,ROLL0269,student269@college.edu,IT,6.74,63.21,68.29,54,33,92,0,1,1,0
Student_270,ROLL0270,student270@college.edu,ECE,6.35,72.3,62.97,50,94,65,2,0,1,1
Student_271,ROLL0271,student271@college.edu,ME,8.03,81.6,75.83,94,51,37,2,5,0,1
Student_272,ROLL0272,student272@college.edu,CE,6.34,63.38,88.09,92,30,98,0,5,4,1
Student_273,ROLL0273,student273@college.edu,ECE,7.27,76.26,49.5,80,80,65,1,4,4,1
Student_274,ROLL0274,student274@college.edu,CSE,6.72,58.99,73.38,65,37,57,0,1,1,0
Student_275,ROLL0275,student275@college.edu,CE,7.68,67.78,70.08,95,46,76,0,2,1,1
Student_276,ROLL0276,student276@college.edu,CE,7.53,78.84,80.06,44,74,59,1,2,1,1
Student_277,ROLL0277,student277@college.edu,CSE,8.24,55.88,74.56,68,73,52,2,4,2,1
Student_278,ROLL0278,student278@college.edu,ECE,6.69,80.29,62.98,99,94,45,1,1,3,1
Student_279,ROLL0279,student279@college.edu,CSE,6.93,74.76,68.17,30,40,43,2,0,2,0
Student_280,ROLL0280,student280@college.edu,IT,6.22,81.63,62.45,52,63,81,2,0,4,1
Student_281,ROLL0281,student281@college.edu,CE,6.76,77.69,84.91,68,24,66,1,0,0,1
Student_282,ROLL0282,student282@college.edu,EEE,7.58,91.37,72.26,86,60,58,0,2,3,0
Student_283,ROLL0283,student283@college.edu,EEE,7.96,76.5,94.81,63,78,96,1,1,0,1
Student_284,ROLL0284,student284@college.edu,ME,6.28,69.85,71.27,70,73,44,2,1,4,0
Student_285,ROLL0285,student285@college.edu,CSE,8.07,76.47,63.5,42,93,76,1,2,4,1
Student_286,ROLL0286,student286@college.edu,CSE,8.56,81.52,53.84,99,41,75,1,0,0,1
Student_287,ROLL0287,student287@college.edu,ME,7.61,75.59,50.36,35,84,81,2,0,0,1
Student_288,ROLL0288,student288@college.edu,ME,9.08,75.49,52.99,81,83,48,0,4,0,1
Student_289,ROLL0289,student289@college.edu,ME,6.43,66.58,75.21,32,90,50,1,5,4,0
Student_290,ROLL0290,student290@college.edu,CE,5.96,67.05,78.1,92,23,93,2,3,1,1
Student_291,ROLL0291,student291@college.edu,IT,5.42,58.17,53.03,78,84,66,2,5,0,1
Student_292,ROLL0292,student292@college.edu,CSE,8.7,95.99,82.74,76,34,56,1,1,3,1
Student_293,ROLL0293,student293@college.edu,CE,7.85,60.07,66.2,84,95,84,0,1,4,1
Student_294,ROLL0294,student294@college.edu,ME,7.14,66.69,73.76,93,41,58,1,1,2,1
Student_295,ROLL0295,student295@college.edu,CSE,7.48,66.38,91.35,94,66,49,0,5,2,1
Student_296,ROLL0296,student296@college.edu,CE,6.07,85.74,82.76,96,65,54,0,3,3,1
Student_297,ROLL0297,student297@college.edu,IT,9.65,71.46,68.78,44,33,99,0,4,1,1
Student_298,ROLL0298,student298@college.edu,CE,7.33,89.97,61.31,61,69,92,0,5,0,1
Student_299,ROLL0299,student299@college.edu,IT,7.31,66.92,46.18,97,39,65,1,3,4,1
Student_300,ROLL0300,student300@college.edu,ME,7.93,78.35,63.37,47,69,31,2,0,0,1
Student_301,ROLL0301,student301@college.edu,IT,7.68,64.98,69.47,72,52,51,2,0,4,1
Student_302,ROLL0302,student302@college.edu,CSE,7.42,99.0,60.15,64,78,45,2,1,2,0
Student_303,ROLL0303,student303@college.edu,ME,6.41,60.75,70.42,87,62,47,2,2,0,1
Student_304,ROLL0304,student304@college.edu,CSE,7.67,78.72,72.92,62,98,98,2,1,3,1
Student_305,ROLL0305,student305@college.edu,EEE,9.08,82.61,69.3,43,31,83,2,2,1,1
Student_306,ROLL0306,student306@college.edu,ECE,8.55,79.97,64.2,63,59,59,1,3,3,1
Student_307,ROLL0307,student307@college.edu,IT,8.79,72.78,74.02,90,39,74,0,0,1,1
Student_308,ROLL0308,student308@college.edu,ECE,6.69,73.44,77.3,33,57,48,2,5,0,1
Student_309,ROLL0309,student309@college.edu,ECE,6.21,75.53,58.92,88,22,63,1,2,0,1
Student_310,ROLL0310,student310@college.edu,IT,7.07,73.24,88.93,58,47,42,2,3,1,1
Student_311,ROLL0311,student311@college.edu,ME,7.26,86.57,70.82,35,75,72,2,0,2,1
Student_312,ROLL0312,student312@college.edu,EEE,8.29,99.0,72.23,78,32,91,0,5,4,1
Student_313,ROLL0313,student313@college.edu,CSE,5.51,68.31,80.5,69,96,51,0,2,3,0
Student_314,ROLL0314,student314@college.edu,CE,8.73,58.56,74.8,94,85,81,0,1,3,1
Student_315,ROLL0315,student315@college.edu,CSE,7.04,73.94,83.44,98,56,81,2,1,3,1
Student_316,ROLL0316,student316@college.edu,CE,6.77,99.0,75.45,56,68,65,2,1,0,1
Student_317,ROLL0317,student317@college.edu,CSE,6.19,65.36,64.65,35,85,48,2,3,3,0
Student_318,ROLL0318,student318@college.edu,IT,5.55,94.67,76.34,42,55,67,0,1,4,0
Student_319,ROLL0319,student319@college.edu,EEE,8.02,95.13,58.28,93,73,99,1,4,4,1
Student_320,ROLL0320,student320@college.edu,CE,7.27,68.36,73.3,91,45,86,2,0,1,1
Student_321,ROLL0321,student321@college.edu,ME,5.91,81.83,71.6,48,94,49,2,3,0,1
Student_322,ROLL0322,student322@college.edu,CSE,5.9,94.54,69.5,72,91,38,2,5,4,0
Student_323,ROLL0323,student323@college.edu,CSE,6.86,70.45,70.46,49,59,61,1,1,2,0
Student_324,ROLL0324,student324@college.edu,CE,8.87,72.56,49.42,97,62,33,2,0,0,1
Student_325,ROLL0325,student325@college.edu,ME,6.94,68.02,65.42,73,41,79,1,2,0,1
Student_326,ROLL0326,student326@college.edu,ME,5.7,62.82,73.11,52,39,34,2,1,4,0
Student_327,ROLL0327,student327@college.edu,IT,6.95,67.21,73.92,31,27,49,1,0,2,0
Student_328,ROLL0328,student328@college.edu,IT,6.93,60.31,59.67,51,48,66,2,4,1,1
Student_329,ROLL0329,student329@college.edu,IT,4.5,75.41,87.19,86,59,51,0,2,4,0
Student_330,ROLL0330,student330@college.edu,IT,7.15,65.76,61.61,36,49,87,0,4,2,1
Student_331,ROLL0331,student331@college.edu,IT,6.97,77.81,83.63,85,74,97,0,5,0,1
Student_332,ROLL0332,student332@college.edu,IT,7.9,56.33,77.13,96,35,73,0,0,2,1
Student_333,ROLL0333,student333@college.edu,EEE,9.05,78.97,64.25,45,65,63,2,4,0,1
Student_334,ROLL0334,student334@college.edu,ME,8.33,85.0,93.3,80,81,71,0,5,4,1
Student_335,ROLL0335,student335@college.edu,IT,6.93,51.08,57.68,41,26,38,1,0,4,0
Student_336,ROLL0336,student336@college.edu,ME,6.09,79.49,83.03,82,99,36,0,0,3,1
Student_337,ROLL0337,student337@college.edu,ME,9.77,89.73,84.01,34,64,97,0,4,3,1
Student_338,ROLL0338,student338@college.edu,ECE,7.26,60.48,63.95,56,78,48,0,0,3,1
Student_339,ROLL0339,student339@college.edu,EEE,7.21,95.07,88.71,41,75,60,2,1,4,1
Student_340,ROLL0340,student340@college.edu,IT,7.18,80.03,69.0,46,67,64,0,0,1,1
Student_341,ROLL0341,student341@college.edu,CSE,7.4,66.54,75.46,35,46,86,1,3,4,1
Student_342,ROLL0342,student342@college.edu,CE,7.06,74.33,75.12,34,72,90,0,5,2,1
Student_343,ROLL0343,student343@college.edu,CSE,6.63,81.7,70.39,86,92,60,0,0,4,0
Student_344,ROLL0344,student344@college.edu,EEE,6.65,75.91,81.73,57,54,82,0,3,4,0
Student_345,ROLL0345,student345@college.edu,CE,7.17,81.47,81.52,98,70,61,1,0,0,1
Student_346,ROLL0346,student346@college.edu,EEE,6.66,63.95,51.02,88,56,95,0,0,0,1
Student_347,ROLL0347,student347@college.edu,ME,6.49,77.03,87.65,62,76,88,1,4,0,1
Student_348,ROLL0348,student348@college.edu,CE,7.31,58.04,52.05,91,27,39,1,1,4,0
Student_349,ROLL0349,student349@college.edu,ME,6.95,73.67,84.39,79,98,31,0,5,1,1
Student_350,ROLL0350,student350@college.edu,CSE,8.7,64.15,85.52,48,39,95,1,1,2,1
Student_351,ROLL0351,student351@college.edu,CSE,4.55,66.17,58.91,98,72,89,2,2,2,1
Student_352,ROLL0352,student352@college.edu,CE,8.29,89.83,67.07,95,31,46,0,4,1,1
Student_353,ROLL0353,student353@college.edu,CE,8.45,88.1,58.73,76,68,45,0,4,1,1
Student_354,ROLL0354,student354@college.edu,IT,5.13,82.31,69.42,68,36,45,1,1,2,1
Student_355,ROLL0355,student355@college.edu,EEE,6.86,61.89,68.3,97,83,75,1,4,3,1
Student_356,ROLL0356,student356@college.edu,IT,6.83,71.2,81.36,62,61,68,0,1,0,1
Student_357,ROLL0357,student357@college.edu,EEE,5.79,89.56,87.72,42,48,60,2,4,0,1
Student_358,ROLL0358,student358@college.edu,IT,6.42,76.7,88.75,83,38,30,1,0,2,1
Student_359,ROLL0359,student359@college.edu,ME,6.09,99.0,65.25,36,30,40,1,1,1,0
Student_360,ROLL0360,student360@college.edu,CE,8.95,79.72,69.49,43,69,33,2,1,3,1
Student_361,ROLL0361,student361@college.edu,CSE,8.14,77.3,51.8,48,90,55,2,3,2,1
Student_362,ROLL0362,student362@college.edu,EEE,8.47,71.29,62.33,83,77,79,0,4,0,1
Student_363,ROLL0363,student363@college.edu,EEE,7.92,76.6,83.58,49,53,41,2,4,4,1
Student_364,ROLL0364,student364@college.edu,CSE,6.07,73.17,91.39,58,39,94,0,1,1,1
Student_365,ROLL0365,student365@college.edu,IT,6.68,83.5,57.19,53,69,76,2,0,4,0
Student_366,ROLL0366,student366@college.edu,EEE,7.69,86.48,64.89,92,29,82,1,0,2,1
Student_367,ROLL0367,student367@college.edu,ME,5.98,65.57,71.68,86,51,31,0,5,0,1
Student_368,ROLL0368,student368@college.edu,CE,7.91,59.03,75.36,37,71,53,0,0,3,0
Student_369,ROLL0369,student369@college.edu,CSE,6.96,52.97,62.28,91,34,33,0,4,4,0
Student_370,ROLL0370,student370@college.edu,CE,6.83,81.1,77.09,58,22,48,2,3,3,0
Student_371,ROLL0371,student371@college.edu,EEE,7.91,61.76,66.31,46,56,55,1,1,0,1
Student_372,ROLL0372,student372@college.edu,EEE,7.64,49.17,71.83,95,59,69,0,2,4,0
Student_373,ROLL0373,student373@college.edu,CSE,6.84,79.66,78.56,35,91,79,0,3,3,0
Student_374,ROLL0374,student374@college.edu,ME,8.36,99.0,72.08,87,59,72,0,2,3,1
Student_375,ROLL0375,student375@college.edu,ECE,6.12,74.93,66.76,98,75,96,0,3,4,0
Student_376,ROLL0376,student376@college.edu,CSE,7.82,85.06,70.68,57,42,41,1,0,0,1
Student_377,ROLL0377,student377@college.edu,ECE,7.79,75.98,70.94,91,30,96,2,4,3,1
Student_378,ROLL0378,student378@college.edu,IT,6.89,73.81,67.56,70,83,56,1,2,2,1
Student_379,ROLL0379,student379@college.edu,ECE,7.53,86.03,68.89,98,27,83,0,3,4,1
Student_380,ROLL0380,student380@college.edu,ME,5.95,71.52,91.18,70,75,95,1,4,1,1
Student_381,ROLL0381,student381@college.edu,IT,8.12,78.21,78.73,78,79,78,0,2,1,1
Student_382,ROLL0382,student382@college.edu,ECE,7.02,78.86,68.45,78,29,45,2,1,0,1
Student_383,ROLL0383,student383@college.edu,IT,6.68,66.98,80.36,32,58,31,2,3,2,1
Student_384,ROLL0384,student384@college.edu,ECE,8.25,86.9,67.99,39,47,89,2,1,3,1
Student_385,ROLL0385,student385@college.edu,ME,6.5,72.9,86.08,64,68,83,0,0,1,1
Student_386,ROLL0386,student386@college.edu,ECE,5.79,65.93,76.44,31,55,59,1,1,0,0
Student_387,ROLL0387,student387@college.edu,ECE,5.64,81.44,70.71,53,32,67,2,1,2,0
Student_388,ROLL0388,student388@college.edu,ECE,7.81,64.22,77.37,67,55,57,0,5,2,1
Student_389,ROLL0389,student389@college.edu,CSE,5.92,75.34,53.15,51,45,54,0,3,0,1
Student_390,ROLL0390,student390@college.edu,CSE,8.95,74.89,58.48,55,23,39,1,0,0,1
Student_391,ROLL0391,student391@college.edu,CSE,5.12,88.03,57.67,72,83,89,2,1,3,1
Student_392,ROLL0392,student392@college.edu,ME,8.9,80.7,73.72,84,57,71,0,4,0,1
Student_393,ROLL0393,student393@college.edu,IT,7.41,74.7,92.79,68,41,69,1,2,3,1
Student_394,ROLL0394,student394@college.edu,EEE,7.1,84.81,98.78,58,21,71,2,1,3,1
Student_395,ROLL0395,student395@college.edu,ECE,6.66,91.68,79.66,49,50,76,1,0,4,0
Student_396,ROLL0396,student396@college.edu,ECE,7.6,81.69,78.01,70,30,66,1,1,2,0
Student_397,ROLL0397,student397@college.edu,ME,7.16,75.12,50.39,83,65,51,0,2,2,1
Student_398,ROLL0398,student398@college.edu,ECE,8.3,59.26,65.49,49,81,86,0,0,2,1
Student_399,ROLL0399,student399@college.edu,CSE,7.31,62.22,62.55,48,88,56,0,3,4,0
Student_400,ROLL0400,student400@college.edu,EEE,7.35,71.34,64.55,95,83,70,1,0,3,1
Student_401,ROLL0401,student401@college.edu,CE,6.84,67.69,69.98,59,29,63,0,3,3,0
Student_402,ROLL0402,student402@college.edu,ECE,7.14,72.76,66.33,82,59,61,1,0,0,1
Student_403,ROLL0403,student403@college.edu,CSE,7.51,75.68,48.25,63,43,95,1,2,4,0
Student_404,ROLL0404,student404@college.edu,CE,5.49,81.36,80.97,51,63,41,0,2,0,0
Student_405,ROLL0405,student405@college.edu,EEE,5.85,74.15,59.13,96,79,69,2,0,4,0
Student_406,ROLL0406,student406@college.edu,CE,7.94,80.84,74.87,35,81,39,2,1,0,1
Student_407,ROLL0407,student407@college.edu,CSE,7.37,75.77,96.89,56,36,77,2,2,1,1
Student_408,ROLL0408,student408@college.edu,IT,7.02,51.29,60.97,39,84,49,1,3,2,0
Student_409,ROLL0409,student409@college.edu,IT,7.22,63.73,41.64,77,76,68,1,3,2,0
Student_410,ROLL0410,student410@college.edu,CE,7.55,73.27,68.57,99,74,89,1,4,3,1
Student_411,ROLL0411,student411@college.edu,ME,6.66,60.48,85.21,88,72,95,0,5,1,1
Student_412,ROLL0412,student412@college.edu,CE,6.42,82.2,95.5,88,75,94,1,5,2,1
Student_413,ROLL0413,student413@college.edu,ECE,7.4,93.37,57.25,31,28,80,0,5,3,0
Student_414,ROLL0414,student414@college.edu,ECE,6.22,89.63,77.96,58,41,65,0,3,1,1
Student_415,ROLL0415,student415@college.edu,IT,7.61,72.44,66.42,97,32,53,2,4,2,1
Student_416,ROLL0416,student416@college.edu,ME,5.5,92.89,70.73,94,67,56,2,5,0,1
Student_417,ROLL0417,student417@college.edu,CSE,8.23,76.78,99.0,55,37,31,2,5,4,0
Student_418,ROLL0418,student418@college.edu,ECE,7.67,70.95,53.96,39,95,60,0,0,1,1
Student_419,ROLL0419,student419@college.edu,IT,7.46,67.64,75.04,82,59,86,0,0,3,1
Student_420,ROLL0420,student420@college.edu,EEE,8.18,71.37,77.61,88,36,95,0,0,1,1
Student_421,ROLL0421,student421@college.edu,IT,8.87,70.34,85.03,51,34,58,1,1,3,1
Student_422,ROLL0422,student422@college.edu,ECE,8.21,77.04,73.18,80,34,44,0,5,1,1
Student_423,ROLL0423,student423@college.edu,ECE,5.36,76.93,75.7,77,98,41,2,1,3,0
Student_424,ROLL0424,student424@college.edu,IT,5.92,75.04,67.3,50,82,57,2,4,2,1
Student_425,ROLL0425,student425@college.edu,CSE,6.58,80.24,75.23,51,58,53,0,3,0,0
Student_426,ROLL0426,student426@college.edu,CE,7.23,89.29,67.88,59,32,50,0,5,2,0
Student_427,ROLL0427,student427@college.edu,ECE,7.72,86.39,79.46,54,51,39,2,3,0,1
Student_428,ROLL0428,student428@college.edu,IT,6.47,57.18,67.56,57,28,47,0,0,2,0
Student_429,ROLL0429,student429@college.edu,IT,7.39,44.35,76.53,94,59,43,2,5,2,1
Student_430,ROLL0430,student430@college.edu,ME,6.44,86.21,71.65,74,39,63,1,2,1,1
Student_431,ROLL0431,student431@college.edu,CE,6.59,58.6,85.51,97,96,87,2,1,4,1
Student_432,ROLL0432,student432@college.edu,EEE,5.79,72.3,71.38,36,99,51,1,1,3,0
Student_433,ROLL0433,student433@college.edu,CSE,6.28,60.96,50.72,78,92,99,0,5,3,1
Student_434,ROLL0434,student434@college.edu,EEE,5.85,53.38,87.14,38,82,65,0,0,3,0
Student_435,ROLL0435,student435@college.edu,CE,6.22,81.5,61.13,65,95,74,1,1,0,1
Student_436,ROLL0436,student436@college.edu,CE,8.25,84.11,64.15,30,63,65,0,0,3,0
Student_437,ROLL0437,student437@college.edu,CE,6.25,68.08,64.85,39,57,51,1,4,3,0
Student_438,ROLL0438,student438@college.edu,EEE,9.83,43.91,88.49,65,79,90,0,3,1,1
Student_439,ROLL0439,student439@college.edu,CE,7.69,68.45,46.37,75,90,85,2,2,2,1
Student_440,ROLL0440,student440@college.edu,IT,7.38,79.7,99.0,61,67,62,0,3,3,1
Student_441,ROLL0441,student441@college.edu,EEE,6.34,57.25,84.67,61,37,74,2,3,4,0
Student_442,ROLL0442,student442@college.edu,CE,7.9,77.2,74.68,35,35,65,2,4,3,0
Student_443,ROLL0443,student443@college.edu,IT,6.62,74.82,71.34,77,74,49,1,1,0,1
Student_444,ROLL0444,student444@college.edu,ME,7.32,81.95,75.43,67,58,47,0,2,0,1
Student_445,ROLL0445,student445@college.edu,CE,9.76,76.43,78.25,46,87,67,1,1,0,1
Student_446,ROLL0446,student446@college.edu,EEE,7.1,63.32,79.74,56,78,96,0,5,3,1
Student_447,ROLL0447,student447@college.edu,ECE,8.35,89.36,78.67,83,81,52,2,3,1,1
Student_448,ROLL0448,student448@college.edu,CE,6.5,73.1,73.07,79,32,45,2,5,4,0
Student_449,ROLL0449,student449@college.edu,ECE,7.17,74.67,69.63,64,25,88,0,0,3,0
Student_450,ROLL0450,student450@college.edu,IT,8.97,63.8,70.18,54,96,98,0,3,1,1
Student_451,ROLL0451,student451@college.edu,ME,6.57,69.68,69.66,57,79,97,1,1,1,1
Student_452,ROLL0452,student452@college.edu,CSE,9.01,64.38,85.61,44,33,50,0,3,3,1
Student_453,ROLL0453,student453@college.edu,ME,7.91,72.92,79.12,33,73,99,0,0,3,1
Student_454,ROLL0454,student454@college.edu,CE,6.64,95.54,40.0,56,23,41,0,4,1,0
Student_455,ROLL0455,student455@college.edu,ECE,7.83,58.54,79.87,55,58,45,1,5,1,1
Student_456,ROLL0456,student456@college.edu,ECE,8.17,55.64,74.34,48,91,43,0,5,1,1
Student_457,ROLL0457,student457@college.edu,EEE,7.82,92.65,71.78,46,44,90,2,1,3,0
Student_458,ROLL0458,student458@college.edu,ECE,5.63,72.49,67.34,72,96,75,1,3,1,1
Student_459,ROLL0459,student459@college.edu,EEE,6.47,66.97,85.49,70,51,61,1,1,0,1
Student_460,ROLL0460,student460@college.edu,IT,6.95,87.48,83.37,71,78,44,2,4,3,1
Student_461,ROLL0461,student461@college.edu,CSE,7.13,67.73,62.73,79,82,73,2,3,0,1
Student_462,ROLL0462,student462@college.edu,CE,7.82,96.91,76.88,69,57,46,2,3,2,1
Student_463,ROLL0463,student463@college.edu,EEE,7.38,83.14,60.34,68,72,70,0,1,3,1
Student_464,ROLL0464,student464@college.edu,CSE,5.86,69.15,55.44,52,86,83,2,1,2,1
Student_465,ROLL0465,student465@college.edu,ECE,7.58,99.0,64.48,81,47,73,0,0,1,1
Student_466,ROLL0466,student466@college.edu,ECE,7.81,67.73,82.35,76,22,34,1,4,1,1
Student_467,ROLL0467,student467@college.edu,CSE,7.76,83.91,83.44,92,99,56,1,0,4,1
Student_468,ROLL0468,student468@college.edu,ECE,8.28,78.59,78.16,98,41,72,2,5,1,1
Student_469,ROLL0469,student469@college.edu,IT,8.03,90.62,80.7,72,57,60,0,3,2,1
Student_470,ROLL0470,student470@college.edu,IT,7.66,93.74,78.19,77,91,46,2,1,1,1
Student_471,ROLL0471,student471@college.edu,CSE,7.13,75.38,64.3,63,91,83,2,3,3,1
Student_472,ROLL0472,student472@college.edu,EEE,5.54,65.96,77.18,69,81,91,0,3,1,0
Student_473,ROLL0473,student473@college.edu,EEE,7.63,80.52,81.6,90,76,61,2,2,4,1
Student_474,ROLL0474,student474@college.edu,CSE,7.41,66.87,81.05,79,25,69,1,5,1,1
Student_475,ROLL0475,student475@college.edu,EEE,7.47,99.0,86.27,96,97,42,2,2,2,1
Student_476,ROLL0476,student476@college.edu,EEE,5.92,76.64,80.5,91,51,64,0,3,2,1
Student_477,ROLL0477,student477@college.edu,IT,6.12,70.62,76.22,87,29,34,0,1,1,0
Student_478,ROLL0478,student478@college.edu,EEE,8.25,77.22,84.84,62,22,58,1,3,2,1
Student_479,ROLL0479,student479@college.edu,ME,7.16,58.83,71.68,45,78,99,0,5,2,1
Student_480,ROLL0480,student480@college.edu,CE,7.88,63.34,61.42,77,95,54,0,2,4,1
Student_481,ROLL0481,student481@college.edu,ECE,7.23,89.4,70.04,39,68,51,1,1,3,0
Student_482,ROLL0482,student482@college.edu,ME,7.23,67.12,63.06,67,78,95,2,3,4,0
Student_483,ROLL0483,student483@college.edu,EEE,8.14,62.44,63.9,48,50,74,1,4,0,1
Student_484,ROLL0484,student484@college.edu,IT,6.68,81.44,70.27,65,88,98,2,5,4,1
Student_485,ROLL0485,student485@college.edu,CSE,7.3,89.23,62.49,88,81,30,1,5,1,1
Student_486,ROLL0486,student486@college.edu,EEE,6.74,83.63,68.3,92,71,73,2,4,3,1
Student_487,ROLL0487,student487@college.edu,IT,6.77,86.95,49.28,75,60,68,1,3,1,1
Student_488,ROLL0488,student488@college.edu,CE,6.89,65.92,74.56,32,50,83,2,5,0,1
Student_489,ROLL0489,student489@college.edu,EEE,7.42,57.94,72.01,94,41,58,1,1,3,0
Student_490,ROLL0490,student490@college.edu,CSE,6.72,93.02,62.19,37,23,83,2,3,2,1
Student_491,ROLL0491,student491@college.edu,IT,8.46,71.13,79.91,80,32,45,1,3,4,1
Student_492,ROLL0492,student492@college.edu,IT,6.31,71.99,83.25,35,64,49,0,2,1,0
Student_493,ROLL0493,student493@college.edu,IT,7.01,90.94,52.71,68,61,75,2,5,0,1
Student_494,ROLL0494,student494@college.edu,CE,6.76,81.67,62.85,89,68,96,1,5,2,1
Student_495,ROLL0495,student495@college.edu,EEE,8.65,80.47,62.77,57,39,94,2,4,4,1
Student_496,ROLL0496,student496@college.edu,CE,7.4,99.0,60.72,83,96,87,2,2,2,1
Student_497,ROLL0497,student497@college.edu,ECE,8.23,67.28,81.95,66,73,82,1,2,4,0
Student_498,ROLL0498,student498@college.edu,ECE,5.71,86.13,69.67,38,55,30,2,5,3,0
Student_499,ROLL0499,student499@college.edu,EEE,7.47,75.68,68.83,85,20,95,1,3,2,1
Student_500,ROLL0500,student500@college.edu,CE,8.09,78.22,47.95,88,34,58,0,2,2,1
Student_501,ROLL0501,student501@college.edu,CSE,7.28,93.34,79.63,31,96,99,2,4,2,1
Student_502,ROLL0502,student502@college.edu,IT,8.27,81.09,57.13,90,36,37,0,2,3,1
Student_503,ROLL0503,student503@college.edu,IT,6.68,81.46,72.72,87,43,58,2,4,0,1
Student_504,ROLL0504,student504@college.edu,EEE,8.61,87.87,75.33,89,77,80,2,2,4,1
Student_505,ROLL0505,student505@college.edu,ECE,9.5,70.62,88.33,69,91,62,2,4,2,1
Student_506,ROLL0506,student506@college.edu,ECE,6.84,64.93,56.29,65,42,32,1,2,3,0
Student_507,ROLL0507,student507@college.edu,IT,6.75,62.46,40.0,66,65,89,0,2,0,1
Student_508,ROLL0508,student508@college.edu,EEE,8.65,51.4,74.21,47,91,64,2,1,4,0
Student_509,ROLL0509,student509@college.edu,CE,8.78,99.0,93.61,92,27,98,1,4,3,1
Student_510,ROLL0510,student510@college.edu,ECE,6.68,61.76,86.87,51,78,49,2,4,4,0
Student_511,ROLL0511,student511@college.edu,CE,6.78,72.34,74.52,40,78,68,1,4,2,1
Student_512,ROLL0512,student512@college.edu,ECE,6.92,71.68,66.1,87,32,33,2,0,0,1
Student_513,ROLL0513,student513@college.edu,ECE,5.86,78.69,81.69,86,58,48,0,2,3,0
Student_514,ROLL0514,student514@college.edu,ME,6.28,84.79,60.32,33,47,74,0,4,0,0
Student_515,ROLL0515,student515@college.edu,ECE,6.2,85.33,77.72,36,80,72,2,5,2,1
Student_516,ROLL0516,student516@college.edu,CSE,6.43,68.0,78.07,90,35,42,1,0,0,1
Student_517,ROLL0517,student517@college.edu,EEE,7.17,72.99,84.72,83,21,42,2,1,0,1
Student_518,ROLL0518,student518@college.edu,EEE,7.43,78.39,99.0,97,36,89,1,4,1,1
Student_519,ROLL0519,student519@college.edu,CE,8.75,72.02,76.71,30,49,86,2,4,0,1
Student_520,ROLL0520,student520@college.edu,ECE,6.2,94.29,65.89,84,32,81,1,0,4,0
Student_521,ROLL0521,student521@college.edu,CSE,8.18,80.89,71.69,32,32,82,0,2,3,0
Student_522,ROLL0522,student522@college.edu,CE,6.99,83.82,50.77,67,62,72,2,5,1,1
Student_523,ROLL0523,student523@college.edu,ME,7.15,82.95,63.66,30,40,71,0,1,3,0
Student_524,ROLL0524,student524@college.edu,CE,7.87,89.08,67.09,67,74,55,0,4,3,1
Student_525,ROLL0525,student525@college.edu,CE,6.08,77.17,65.71,58,59,52,2,2,2,0
Student_526,ROLL0526,student526@college.edu,ECE,7.58,59.44,73.83,34,34,72,2,5,2,1
Student_527,ROLL0527,student527@college.edu,ME,7.37,79.8,62.13,50,92,57,1,5,1,1
Student_528,ROLL0528,student528@college.edu,CE,7.69,67.18,85.45,96,71,38,1,1,2,1
Student_529,ROLL0529,student529@college.edu,CSE,7.49,68.66,72.0,76,93,49,0,3,2,1
Student_530,ROLL0530,student530@college.edu,CSE,9.66,82.04,71.89,64,72,85,1,5,2,1
Student_531,ROLL0531,student531@college.edu,EEE,6.56,89.86,68.07,97,71,68,1,3,3,1
Student_532,ROLL0532,student532@college.edu,ME,6.67,75.26,73.86,98,49,80,2,5,1,1
Student_533,ROLL0533,student533@college.edu,ME,6.58,78.71,81.9,30,52,41,1,1,3,0
Student_534,ROLL0534,student534@college.edu,EEE,6.64,95.43,61.59,97,76,84,0,0,4,0
Student_535,ROLL0535,student535@college.edu,CE,6.56,77.89,64.1,41,71,40,1,1,3,0
Student_536,ROLL0536,student536@college.edu,ME,8.39,99.0,68.36,89,28,55,0,1,4,0
Student_537,ROLL0537,student537@college.edu,CSE,8.62,81.79,55.85,56,73,71,2,0,0,1
Student_538,ROLL0538,student538@college.edu,CSE,6.63,53.87,62.17,85,20,56,0,0,0,0
Student_539,ROLL0539,student539@college.edu,ECE,6.37,84.04,66.29,52,63,40,1,2,4,0
Student_540,ROLL0540,student540@college.edu,ME,7.67,79.57,82.49,54,94,67,2,5,4,1
Student_541,ROLL0541,student541@college.edu,CE,6.65,90.48,75.15,50,99,72,1,2,3,0
Student_542,ROLL0542,student542@college.edu,EEE,7.83,83.08,74.32,90,28,48,2,0,4,0
Student_543,ROLL0543,student543@college.edu,EEE,7.4,73.34,82.21,92,51,93,2,3,1,1
Student_544,ROLL0544,student544@college.edu,CE,5.68,60.31,70.35,81,34,35,1,3,0,0
Student_545,ROLL0545,student545@college.edu,IT,8.75,72.49,76.69,54,31,75,1,1,0,1
Student_546,ROLL0546,student546@college.edu,ECE,9.0,64.79,70.76,84,97,71,2,4,4,1
Student_547,ROLL0547,student547@college.edu,EEE,6.59,68.03,75.18,75,76,94,2,1,2,1
Student_548,ROLL0548,student548@college.edu,ME,6.81,82.06,65.01,61,27,88,1,1,2,0
Student_549,ROLL0549,student549@college.edu,ECE,7.49,95.04,42.73,84,91,81,0,4,4,1
Student_550,ROLL0550,student550@college.edu,ME,7.53,79.74,70.39,34,46,76,1,5,1,1
Student_551,ROLL0551,student551@college.edu,CSE,7.86,60.65,89.07,65,81,36,2,0,2,1
Student_552,ROLL0552,student552@college.edu,ECE,9.21,80.34,83.11,78,31,40,1,3,4,0
Student_553,ROLL0553,student553@college.edu,EEE,7.02,89.36,83.58,87,84,90,0,1,1,1
Student_554,ROLL0554,student554@college.edu,ECE,6.4,67.68,86.83,68,61,97,1,4,1,1
Student_555,ROLL0555,student555@college.edu,ECE,5.82,73.39,73.06,90,81,54,2,2,3,1
Student_556,ROLL0556,student556@college.edu,ECE,6.47,75.18,74.37,38,30,41,1,1,1,0
Student_557,ROLL0557,student557@college.edu,IT,7.17,65.58,64.59,35,62,55,2,3,2,1
Student_558,ROLL0558,student558@college.edu,ECE,8.99,82.78,68.21,64,36,41,2,0,2,1
Student_559,ROLL0559,student559@college.edu,ME,6.68,73.55,79.39,68,51,72,1,1,4,0
Student_560,ROLL0560,student560@college.edu,CSE,7.42,80.03,86.45,51,59,80,2,1,4,1
Student_561,ROLL0561,student561@college.edu,CE,7.18,64.35,70.33,70,42,66,2,5,1,1
Student_562,ROLL0562,student562@college.edu,ECE,8.39,69.75,66.6,34,75,75,0,4,0,1
Student_563,ROLL0563,student563@college.edu,EEE,9.73,83.67,72.01,71,25,82,0,2,3,1
Student_564,ROLL0564,student564@college.edu,ECE,6.67,70.53,79.21,96,69,42,0,2,0,1
Student_565,ROLL0565,student565@college.edu,EEE,6.71,95.72,54.67,59,56,83,0,0,1,0
Student_566,ROLL0566,student566@college.edu,ME,8.24,70.2,44.45,86,83,86,2,3,1,1
Student_567,ROLL0567,student567@college.edu,EEE,7.88,77.7,65.39,58,73,33,1,0,0,1
Student_568,ROLL0568,student568@college.edu,CE,9.05,86.19,57.35,66,91,78,2,1,3,1
Student_569,ROLL0569,student569@college.edu,CSE,7.78,57.98,65.9,42,68,36,2,1,0,1
Student_570,ROLL0570,student570@college.edu,EEE,6.84,53.87,70.23,61,30,40,2,2,4,0
Student_571,ROLL0571,student571@college.edu,EEE,7.79,56.69,66.56,75,68,83,1,3,2,1
Student_572,ROLL0572,student572@college.edu,CSE,8.31,90.15,89.43,52,40,74,0,4,4,0
Student_573,ROLL0573,student573@college.edu,CE,8.02,68.38,75.92,74,85,52,2,3,2,1
Student_574,ROLL0574,student574@college.edu,ECE,7.71,99.0,75.61,46,82,57,2,1,1,1
Student_575,ROLL0575,student575@college.edu,EEE,8.27,68.23,79.47,95,47,86,0,4,3,1
Student_576,ROLL0576,student576@college.edu,CSE,8.37,77.21,58.33,35,36,55,2,3,0,1
Student_577,ROLL0577,student577@college.edu,ME,8.58,93.51,84.47,47,25,54,1,3,3,1
Student_578,ROLL0578,student578@college.edu,CSE,7.85,99.0,71.09,51,38,83,2,4,0,1
Student_579,ROLL0579,student579@college.edu,ME,7.03,99.0,80.05,62,75,58,2,1,4,1
Student_580,ROLL0580,student580@college.edu,CE,7.35,89.5,59.14,59,47,65,0,3,4,0
Student_581,ROLL0581,student581@college.edu,ECE,8.41,87.29,53.35,61,85,43,2,4,0,1
Student_582,ROLL0582,student582@college.edu,CSE,6.38,82.11,81.81,71,57,64,2,5,3,1
Student_583,ROLL0583,student583@college.edu,IT,7.57,84.34,76.52,39,56,59,1,5,0,1
Student_584,ROLL0584,student584@college.edu,EEE,6.81,68.39,61.18,65,87,46,0,1,1,1
Student_585,ROLL0585,student585@college.edu,CE,7.23,65.18,61.56,63,68,96,0,4,4,0
Student_586,ROLL0586,student586@college.edu,CSE,8.48,74.96,85.51,57,62,59,1,5,1,1
Student_587,ROLL0587,student587@college.edu,EEE,7.39,72.96,57.73,40,55,74,2,4,4,0
Student_588,ROLL0588,student588@college.edu,CSE,7.25,69.56,91.71,68,77,80,0,3,4,1
Student_589,ROLL0589,student589@college.edu,ME,5.84,83.36,61.19,76,32,76,0,1,2,1
Student_590,ROLL0590,student590@college.edu,CSE,7.95,86.46,79.66,48,71,82,2,5,1,1
Student_591,ROLL0591,student591@college.edu,IT,7.85,76.06,68.06,44,77,93,2,3,1,1
Student_592,ROLL0592,student592@college.edu,CSE,9.36,92.73,79.24,57,51,67,0,0,2,1
Student_593,ROLL0593,student593@college.edu,CSE,6.89,61.3,65.47,53,79,93,2,0,3,1
Student_594,ROLL0594,student594@college.edu,IT,7.42,72.68,70.05,38,77,36,0,1,1,0
Student_595,ROLL0595,student595@college.edu,CE,7.45,66.4,72.49,76,75,51,2,5,0,1
Student_596,ROLL0596,student596@college.edu,CSE,8.78,52.6,59.97,62,47,70,2,5,2,1
Student_597,ROLL0597,student597@college.edu,IT,7.1,74.01,80.89,91,20,39,1,5,1,1
Student_598,ROLL0598,student598@college.edu,EEE,7.48,73.54,65.84,48,61,86,2,4,3,1
Student_599,ROLL0599,student599@college.edu,ME,7.81,93.16,69.26,96,67,36,1,3,1,1
Student_600,ROLL0600,student600@college.edu,ME,7.39,82.57,60.07,69,59,79,2,5,4,1
